<?xml version="1.0" encoding="UTF-8"?>
<metadata xml:lang="en"><Esri><CreaDate>20170622</CreaDate><CreaTime>11391400</CreaTime><ArcGISFormat>1.0</ArcGISFormat><SyncOnce>TRUE</SyncOnce><ModDate>20170712</ModDate><ModTime>080010</ModTime></Esri><dataIdInfo><idCitation><resTitle>Commit Stream Network</resTitle></idCitation></dataIdInfo><distInfo><distributor><distorFormat><formatName>ArcToolbox Tool</formatName></distorFormat></distributor></distInfo><tool name="CommitRealization" displayname="Commit Stream Network" toolboxalias="GNAT"><parameters><param name="projectXML" displayname="GNAT Project XML" type="Optional" direction="Input" datatype="File" expression="{projectXML}"/><param name="realization" displayname="Realization Name" type="Required" direction="Input" datatype="String" expression="realization"/><param name="InputFCStreamNetwork" displayname="Input Stream Network" type="Required" direction="Input" datatype="Feature Class" expression="InputFCStreamNetwork"/><param name="reachIDfield" displayname="Unique Reach ID Field" type="Optional" direction="Input" datatype="Field" expression="{reachIDfield}"/><param name="tblNetwork" displayname="Network Table" type="Optional" direction="Input" datatype="Table" expression="{tblNetwork}"/></parameters></tool></metadata>
