<metadata xml:lang="en"><Esri><CreaDate>20180116</CreaDate><CreaTime>13402700</CreaTime><ArcGISFormat>1.0</ArcGISFormat><SyncOnce>TRUE</SyncOnce><ModDate>20180122</ModDate><ModTime>13471600</ModTime><scaleRange><minScale>150000000</minScale><maxScale>5000</maxScale></scaleRange><ArcGISProfile>ItemDescription</ArcGISProfile></Esri><tool name="GenerateStreamOrderTool" displayname="Generate Stream Order" toolboxalias="GNAT" xmlns=""><arcToolboxHelpPath>c:\program files (x86)\arcgis\desktop10.4\Help\gp</arcToolboxHelpPath><parameters><param name="InputStreamNetwork" displayname="Input stream network shapefile" type="Required" direction="Input" datatype="Shapefile" expression="InputStreamNetwork"><dialogReference>&lt;DIV STYLE="text-align:Left;"&gt;&lt;DIV&gt;&lt;P&gt;&lt;SPAN&gt;Line shapefile representing a stream network.  All line features should be digitized in a downstream direction, with topological errors removed.&lt;/SPAN&gt;&lt;/P&gt;&lt;/DIV&gt;&lt;/DIV&gt;</dialogReference></param><param name="OutputStreamNetwork" displayname="Output network shapefile with stream order" type="Required" direction="Output" datatype="Shapefile" expression="OutputStreamNetwork"><dialogReference>&lt;DIV STYLE="text-align:Left;"&gt;&lt;DIV&gt;&lt;P&gt;&lt;SPAN&gt;Line shapefile produced by the tool.  Includes a new _strmordr_ attribute field which stores Strahler stream order values.&lt;/SPAN&gt;&lt;/P&gt;&lt;/DIV&gt;&lt;/DIV&gt;</dialogReference></param><param name="TempWorkspace" displayname="Temporary workspace" type="Required" direction="Input" datatype="Workspace" expression="TempWorkspace"><dialogReference>&lt;DIV STYLE="text-align:Left;"&gt;&lt;DIV&gt;&lt;P&gt;&lt;SPAN&gt;Workspace for storing intermediate data fiels produced during tool processing.&lt;/SPAN&gt;&lt;/P&gt;&lt;/DIV&gt;&lt;/DIV&gt;</dialogReference></param></parameters><summary>&lt;DIV STYLE="text-align:Left;"&gt;&lt;DIV&gt;&lt;DIV&gt;&lt;P&gt;&lt;SPAN&gt;The &lt;/SPAN&gt;&lt;SPAN STYLE="font-weight:bold;"&gt;Generate Stream Order&lt;/SPAN&gt;&lt;SPAN&gt;tool calculates the Strahler stream order values for each feature within a linear shapefile. More detailed help documentation is available &lt;/SPAN&gt;&lt;A href="https://gnat.riverscapes.xyz/Generate-Stream-Order"&gt;&lt;SPAN&gt;here&lt;/SPAN&gt;&lt;/A&gt;&lt;SPAN&gt;.&lt;/SPAN&gt;&lt;/P&gt;&lt;/DIV&gt;&lt;/DIV&gt;&lt;/DIV&gt;</summary></tool><dataIdInfo><idCitation><resTitle>Generate Stream Order</resTitle></idCitation><idAbs>&lt;DIV STYLE="text-align:Left;"&gt;&lt;DIV&gt;&lt;DIV&gt;&lt;P&gt;&lt;SPAN&gt;The &lt;/SPAN&gt;&lt;SPAN STYLE="font-weight:bold;"&gt;Generate Stream Order&lt;/SPAN&gt;&lt;SPAN&gt;tool calculates the Strahler stream order values for each feature within a linear shapefile. More detailed help documentation is available &lt;/SPAN&gt;&lt;A href="https://gnat.riverscapes.xyz/Generate-Stream-Order"&gt;&lt;SPAN&gt;here&lt;/SPAN&gt;&lt;/A&gt;&lt;SPAN&gt;.&lt;/SPAN&gt;&lt;/P&gt;&lt;/DIV&gt;&lt;/DIV&gt;&lt;/DIV&gt;</idAbs><idCredit>Jesse Langdon, SFR Inc., 2018</idCredit><searchKeys><keyword>stream</keyword><keyword>network</keyword><keyword>geomorphic</keyword><keyword>drainage</keyword><keyword>GNAT</keyword><keyword>Strahler</keyword></searchKeys></dataIdInfo><distInfo><distributor><distorFormat><formatName>ArcToolbox Tool</formatName></distorFormat></distributor></distInfo><mdHrLv><ScopeCd value="005"/></mdHrLv></metadata>
