<?xml version="1.0" encoding="UTF-8"?>
<metadata xml:lang="en"><Esri><CreaDate>20170712</CreaDate><CreaTime>14075700</CreaTime><ArcGISFormat>1.0</ArcGISFormat><SyncOnce>TRUE</SyncOnce><ModDate>20170721</ModDate><ModTime>090414</ModTime></Esri><dataIdInfo><idCitation><resTitle>Calculate Gradient</resTitle></idCitation></dataIdInfo><distInfo><distributor><distorFormat><formatName>ArcToolbox Tool</formatName></distorFormat></distributor></distInfo><tool name="CalculateGradientTool" displayname="Calculate Gradient" toolboxalias="GNAT"><parameters><param name="InputStreamNetwork" displayname="Input Stream Network" type="Required" direction="Input" datatype="Shapefile" expression="InputStreamNetwork"/><param name="InputDEM" displayname="Elevation (DEM) Raster Dataset" type="Required" direction="Input" datatype="Raster Dataset" expression="InputDEM"/><param name="OutputStreamNetwork" displayname="Output Shapefile" type="Required" direction="Output" datatype="Shapefile" expression="OutputStreamNetwork"/></parameters></tool></metadata>
