<?xml version="1.0"?>
<metadata xml:lang="en"><Esri><CreaDate>20160216</CreaDate><CreaTime>11074500</CreaTime><ArcGISFormat>1.0</ArcGISFormat><SyncOnce>TRUE</SyncOnce><ModDate>20170227</ModDate><ModTime>163427</ModTime><scaleRange><minScale>150000000</minScale><maxScale>5000</maxScale></scaleRange><ArcGISProfile>ItemDescription</ArcGISProfile></Esri><dataIdInfo><idCitation><resTitle>Combine Attributes</resTitle></idCitation><idAbs>&lt;DIV STYLE="text-align:Left;"&gt;&lt;DIV&gt;&lt;DIV&gt;&lt;P&gt;&lt;SPAN&gt;The &lt;/SPAN&gt;&lt;SPAN STYLE="font-weight:bold;"&gt;Combine Attributes&lt;/SPAN&gt;&lt;SPAN&gt; tool merges feature attributes from two or more polyline feature classes into a single feature class.&lt;/SPAN&gt;&lt;/P&gt;&lt;/DIV&gt;&lt;/DIV&gt;&lt;/DIV&gt;</idAbs><idCredit>Kelly Whitehead, Jesse Langdon, South Fork Research, Inc.</idCredit><searchKeys><keyword>networks</keyword><keyword>attributes</keyword><keyword>streams</keyword></searchKeys></dataIdInfo><distInfo><distributor><distorFormat><formatName>ArcToolbox Tool</formatName></distorFormat></distributor></distInfo><tool name="CombineAttributesTool" displayname="Combine Attributes" toolboxalias="GNAT" xmlns=""><parameters><param name="InputFCList" displayname="Input polyline feature classes" type="Required" direction="Input" datatype="Multiple Value" expression="InputFCList;InputFCList..."><dialogReference>&lt;DIV STYLE="text-align:Left;"&gt;&lt;DIV&gt;&lt;DIV&gt;&lt;P&gt;&lt;SPAN&gt;Polyline feature classes representing linear networks. Multiple inputs are allowed. Can be shapefiles or geodatabase feature classes.&lt;/SPAN&gt;&lt;/P&gt;&lt;/DIV&gt;&lt;/DIV&gt;&lt;/DIV&gt;</dialogReference></param><param name="InputFCBounding Polygon" displayname="Bounding or buffer polygon feature class" type="Required" direction="Input" datatype="Feature Layer" expression="InputFCBounding Polygon"><dialogReference>&lt;DIV STYLE="text-align:Left;"&gt;&lt;DIV&gt;&lt;DIV&gt;&lt;P&gt;&lt;SPAN&gt;Polygon feature class that provides a spatial boundary for processing. The polygon should geographically contain all input networks. The polygon will contain the Thiessen polygons used to split the "To" line network based on the "From" networks. Stream networks that are located outside of this polygon boundary will not have attributes transferred.  Can be a shapefile or geodatabase feature class.&lt;/SPAN&gt;&lt;/P&gt;&lt;/DIV&gt;&lt;/DIV&gt;&lt;/DIV&gt;</dialogReference></param><param name="InputBoolIsSegmented" displayname="Is polygon segmented?" type="Optional" direction="Input" datatype="Boolean" expression="{InputBoolIsSegmented}"><dialogReference>&lt;DIV STYLE="text-align:Left;"&gt;&lt;DIV&gt;&lt;DIV&gt;&lt;UL&gt;&lt;LI&gt;&lt;P&gt;&lt;SPAN STYLE="font-weight:bold;"&gt;Checked&lt;/SPAN&gt;&lt;SPAN&gt;: the bounding polygon is divided based on the "From" line network. This reduces the amount of processing required to run the tool.&lt;/SPAN&gt;&lt;/P&gt;&lt;/LI&gt;&lt;LI&gt;&lt;P&gt;&lt;SPAN STYLE="font-weight:bold;"&gt;Unchecked&lt;/SPAN&gt;&lt;SPAN&gt;: divde the bounding polygon into segments as part of the processing.&lt;/SPAN&gt;&lt;/P&gt;&lt;/LI&gt;&lt;/UL&gt;&lt;/DIV&gt;&lt;/DIV&gt;&lt;/DIV&gt;</dialogReference></param><param name="OutputFCCombinedNetwork" displayname="Output polyline feature class" type="Required" direction="Output" datatype="Feature Class" expression="OutputFCCombinedNetwork"><dialogReference>&lt;DIV STYLE="text-align:Left;"&gt;&lt;DIV&gt;&lt;DIV&gt;&lt;P&gt;&lt;SPAN&gt;Polyline feature class which includes all merged attributes.&lt;/SPAN&gt;&lt;/P&gt;&lt;/DIV&gt;&lt;/DIV&gt;&lt;/DIV&gt;</dialogReference></param></parameters><summary>&lt;DIV STYLE="text-align:Left;"&gt;&lt;DIV&gt;&lt;DIV&gt;&lt;P&gt;&lt;SPAN&gt;The &lt;/SPAN&gt;&lt;SPAN STYLE="font-weight:bold;"&gt;Combine Attributes&lt;/SPAN&gt;&lt;SPAN&gt; tool merges feature attributes from two or more polyline feature classes into a single feature class.&lt;/SPAN&gt;&lt;/P&gt;&lt;/DIV&gt;&lt;/DIV&gt;&lt;/DIV&gt;</summary></tool><mdHrLv><ScopeCd value="005"/></mdHrLv></metadata>