<?xml version="1.0"?>
<metadata xml:lang="en"><Esri><CreaDate>20170227</CreaDate><CreaTime>19500000</CreaTime><ArcGISFormat>1.0</ArcGISFormat><SyncOnce>TRUE</SyncOnce><ModDate>20170516</ModDate><ModTime>105740</ModTime><scaleRange><minScale>150000000</minScale><maxScale>5000</maxScale></scaleRange><ArcGISProfile>ItemDescription</ArcGISProfile></Esri><dataIdInfo><idCitation><resTitle>Create a New GNAT Project</resTitle></idCitation><idAbs>&lt;DIV STYLE="text-align:Left;"&gt;&lt;DIV&gt;&lt;P&gt;&lt;SPAN&gt;Create a new GNAT Project file.&lt;/SPAN&gt;&lt;/P&gt;&lt;/DIV&gt;&lt;/DIV&gt;</idAbs><idCredit>Kelly Whitehead, Jesse Langdon
South Fork Research Inc
Seattle Washington USA</idCredit><searchKeys><keyword>GNAT</keyword><keyword>Riverscapes</keyword></searchKeys></dataIdInfo><distInfo><distributor><distorFormat><formatName>ArcToolbox Tool</formatName></distorFormat></distributor></distInfo><tool name="NewGNATProject" displayname="Create a New GNAT Project" toolboxalias="GNAT" xmlns=""><parameters><param name="projectName" displayname="Project Name" type="Required" direction="Input" datatype="String" expression="projectName"><dialogReference>&lt;DIV STYLE="text-align:Left;"&gt;&lt;DIV&gt;&lt;P&gt;&lt;SPAN&gt;Name of the Project&lt;/SPAN&gt;&lt;/P&gt;&lt;/DIV&gt;&lt;/DIV&gt;</dialogReference></param><param name="projectFolder" displayname="Project Folder" type="Required" direction="Input" datatype="Workspace" expression="projectFolder"><dialogReference>&lt;DIV STYLE="text-align:Left;"&gt;&lt;DIV&gt;&lt;P&gt;&lt;SPAN&gt;Base folder to store the project files&lt;/SPAN&gt;&lt;/P&gt;&lt;/DIV&gt;&lt;/DIV&gt;</dialogReference></param><param name="boolNewFolder" displayname="Create New Project Folder?" type="Optional" direction="Input" datatype="Boolean" expression="{boolNewFolder}"><dialogReference>&lt;DIV STYLE="text-align:Left;"&gt;&lt;DIV&gt;&lt;P&gt;&lt;SPAN&gt;If Checked, a new folder with the Project Name will be created in the Project Folder. The new project will be stored there. &lt;/SPAN&gt;&lt;/P&gt;&lt;P&gt;&lt;SPAN&gt;If Uncheked, the new project will be stored in the Project Folder.&lt;/SPAN&gt;&lt;/P&gt;&lt;/DIV&gt;&lt;/DIV&gt;</dialogReference></param><param name="metaOperator" displayname="User Name (Operator)" type="Optional" direction="Input" datatype="String" expression="{metaOperator}"><dialogReference>&lt;DIV STYLE="text-align:Left;"&gt;&lt;DIV&gt;&lt;P&gt;&lt;SPAN&gt;Name of the user or operator creating the project&lt;/SPAN&gt;&lt;/P&gt;&lt;/DIV&gt;&lt;/DIV&gt;</dialogReference></param><param name="metaRegion" displayname="Region" type="Optional" direction="Input" datatype="String" expression="{CRB}"><dialogReference>&lt;DIV STYLE="text-align:Left;"&gt;&lt;DIV&gt;&lt;P&gt;&lt;SPAN&gt;Program Region for the Project&lt;/SPAN&gt;&lt;/P&gt;&lt;/DIV&gt;&lt;/DIV&gt;</dialogReference></param><param name="metaWatershed" displayname="Watershed (HUC 8 Name)" type="Optional" direction="Input" datatype="String" expression="{metaWatershed}"><dialogReference>&lt;DIV STYLE="text-align:Left;"&gt;&lt;DIV&gt;&lt;P&gt;&lt;SPAN&gt;Program watershed for the Project&lt;/SPAN&gt;&lt;/P&gt;&lt;/DIV&gt;&lt;/DIV&gt;</dialogReference></param></parameters><summary>&lt;DIV STYLE="text-align:Left;"&gt;&lt;DIV&gt;&lt;P&gt;&lt;SPAN&gt;Create a new GNAT Project file.&lt;/SPAN&gt;&lt;/P&gt;&lt;/DIV&gt;&lt;/DIV&gt;</summary></tool><mdHrLv><ScopeCd value="005"></ScopeCd></mdHrLv></metadata>
