<?xml version="1.0"?>
<metadata xml:lang="en"><Esri><CreaDate>20160216</CreaDate><CreaTime>11074400</CreaTime><ArcGISFormat>1.0</ArcGISFormat><SyncOnce>TRUE</SyncOnce><ModDate>20171101</ModDate><ModTime>125707</ModTime><scaleRange><minScale>150000000</minScale><maxScale>5000</maxScale></scaleRange><ArcGISProfile>ItemDescription</ArcGISProfile></Esri><dataIdInfo><idCitation><resTitle>Sinuosity by Stream Segment</resTitle></idCitation><idAbs>&lt;DIV STYLE="text-align:Left;"&gt;&lt;DIV&gt;&lt;DIV&gt;&lt;P&gt;&lt;SPAN&gt;The &lt;/SPAN&gt;&lt;SPAN STYLE="font-weight:bold;"&gt;Sinousity by Stream Segment &lt;/SPAN&gt;&lt;SPAN&gt;tool calculates sinuosity for each line segment feature in a polyline feature layer.  Can use shapefiles or geodatabase feature classes.&lt;/SPAN&gt;&lt;/P&gt;&lt;/DIV&gt;&lt;/DIV&gt;&lt;/DIV&gt;</idAbs><searchKeys><keyword>GNAT</keyword><keyword>stream</keyword><keyword>sinousity</keyword><keyword>geomorphic</keyword></searchKeys><idCredit>Kelly Whitehead, Jesse Langdon, South Fork Research, Inc.</idCredit></dataIdInfo><distInfo><distributor><distorFormat><formatName>ArcToolbox Tool</formatName></distorFormat></distributor></distInfo><tool name="SinuosityTool" displayname="Sinuosity by Stream Segment" toolboxalias="GNAT" xmlns=""><parameters><param name="InputFCCenterline" displayname="Input stream network or centerline polyline feature class" type="Required" direction="Input" datatype="Feature Layer" expression="InputFCCenterline"><dialogReference>&lt;DIV STYLE="text-align:Left;"&gt;&lt;DIV&gt;&lt;DIV&gt;&lt;P&gt;&lt;SPAN&gt;Segmented stream network, line network, or centerline for calculating sinuosity. Sinuosity is calculated for each line feature.&lt;/SPAN&gt;&lt;/P&gt;&lt;/DIV&gt;&lt;/DIV&gt;&lt;/DIV&gt;</dialogReference></param><param name="OutputFCCenterline" displayname="Output polyline feature class with sinousity" type="Required" direction="Output" datatype="Feature Class" expression="OutputFCCenterline"><dialogReference>&lt;DIV STYLE="text-align:Left;"&gt;&lt;DIV&gt;&lt;P&gt;&lt;SPAN&gt;Polyline feature class which includes sinousity values in a new attribute field.&lt;/SPAN&gt;&lt;/P&gt;&lt;/DIV&gt;&lt;/DIV&gt;</dialogReference></param><param name="scratchWorkspace" displayname="Scratch workspace" type="Optional" direction="Input" datatype="Workspace" expression="{scratchWorkspace}"><dialogReference>&lt;DIV STYLE="text-align:Left;"&gt;&lt;DIV&gt;&lt;DIV&gt;&lt;UL&gt;&lt;LI&gt;&lt;P&gt;&lt;SPAN&gt;The scratch workspace can be a folder or geodatabase.&lt;/SPAN&gt;&lt;/P&gt;&lt;/LI&gt;&lt;LI&gt;&lt;P&gt;&lt;SPAN&gt;If a workspace is not designated, the tool will use the "in_memory" workspace. Temporarly files will not be accessible, but processing speeds will likely be reduced.&lt;/SPAN&gt;&lt;/P&gt;&lt;/LI&gt;&lt;/UL&gt;&lt;/DIV&gt;&lt;/DIV&gt;&lt;/DIV&gt;</dialogReference></param></parameters><summary>&lt;DIV STYLE="text-align:Left;"&gt;&lt;DIV&gt;&lt;DIV&gt;&lt;P&gt;&lt;SPAN&gt;The &lt;/SPAN&gt;&lt;SPAN STYLE="font-weight:bold;"&gt;Sinousity by Stream Segment &lt;/SPAN&gt;&lt;SPAN&gt;tool calculates sinuosity for each line segment feature in a polyline feature layer.  Can use shapefiles or geodatabase feature classes.&lt;/SPAN&gt;&lt;/P&gt;&lt;/DIV&gt;&lt;/DIV&gt;&lt;/DIV&gt;</summary></tool><mdHrLv><ScopeCd value="005"/></mdHrLv></metadata>
