<?xml version="1.0"?>
<metadata xml:lang="en"><Esri><CreaDate>20170622</CreaDate><CreaTime>11391400</CreaTime><ArcGISFormat>1.0</ArcGISFormat><SyncOnce>TRUE</SyncOnce><ModDate>20171101</ModDate><ModTime>125708</ModTime><scaleRange><minScale>150000000</minScale><maxScale>5000</maxScale></scaleRange><ArcGISProfile>ItemDescription</ArcGISProfile></Esri><dataIdInfo><idCitation><resTitle>Load Input Datsets</resTitle></idCitation><idAbs>&lt;DIV STYLE="text-align:Left;"&gt;&lt;DIV&gt;&lt;P&gt;&lt;SPAN&gt;After creating a new GNAT Riverscapes project with the &lt;/SPAN&gt;&lt;SPAN STYLE="font-weight:bold;"&gt;Create New GNAT Project&lt;/SPAN&gt;&lt;SPAN&gt; tool, the user should then &lt;/SPAN&gt;&lt;SPAN STYLE="font-weight:bold;"&gt;Load Input Datasets&lt;/SPAN&gt;&lt;SPAN&gt; with this tool.  The input stream network feature class and network topology tables will preferably have been generated by the tools in &lt;/SPAN&gt;&lt;SPAN STYLE="font-weight:bold;"&gt;Step 1 - Stream Network Preparation&lt;/SPAN&gt;&lt;SPAN&gt;. Each Riverscapes project is based on these datasets. &lt;/SPAN&gt;&lt;/P&gt;&lt;/DIV&gt;&lt;/DIV&gt;</idAbs><idCredit>Kelly Whitehead, Jesse Langdon, South Fork Research, Inc.</idCredit><searchKeys><keyword>riverscapes</keyword><keyword>project</keyword><keyword>management</keyword><keyword>stream</keyword><keyword>network</keyword></searchKeys></dataIdInfo><distInfo><distributor><distorFormat><formatName>ArcToolbox Tool</formatName></distorFormat></distributor></distInfo><tool name="LoadNetworkToProject" displayname="Load Input Datsets" toolboxalias="GNAT" xmlns=""><parameters><param name="projectXML" displayname="GNAT Project XML" type="Optional" direction="Input" datatype="File" expression="{projectXML}"><dialogReference>&lt;DIV STYLE="text-align:Left;"&gt;&lt;DIV&gt;&lt;P&gt;&lt;SPAN&gt;The Riverscape project XML file (named "project.rs.xml") which stores all of the relevant information for each GNAT project.&lt;/SPAN&gt;&lt;/P&gt;&lt;/DIV&gt;&lt;/DIV&gt;</dialogReference></param><param name="InputFCStreamNetwork" displayname="Input Stream Network" type="Required" direction="Input" datatype="Feature Class" expression="InputFCStreamNetwork"><dialogReference>&lt;DIV STYLE="text-align:Left;"&gt;&lt;DIV&gt;&lt;P&gt;&lt;SPAN&gt;The stream network polyline feature class which represents the initial state of the stream network, produced by the tools in &lt;/SPAN&gt;&lt;SPAN STYLE="font-weight:bold;"&gt;Step 1&lt;/SPAN&gt;&lt;SPAN&gt; &lt;/SPAN&gt;&lt;SPAN STYLE="font-weight:bold;"&gt;- Stream Network Preparation&lt;/SPAN&gt;&lt;SPAN&gt;.  &lt;/SPAN&gt;&lt;/P&gt;&lt;/DIV&gt;&lt;/DIV&gt;</dialogReference></param><param name="tblNetwork" displayname="Network Table" type="Optional" direction="Input" datatype="Table" expression="{tblNetwork}"><dialogReference>&lt;DIV STYLE="text-align:Left;"&gt;&lt;DIV&gt;&lt;P&gt;&lt;SPAN&gt;The network topology table (typically named "StreamNetworkTable.dbf") that is produced by the tools in &lt;/SPAN&gt;&lt;SPAN STYLE="font-weight:bold;"&gt;Step 1 - Stream Network Preparation&lt;/SPAN&gt;&lt;SPAN&gt;. &lt;/SPAN&gt;&lt;/P&gt;&lt;/DIV&gt;&lt;/DIV&gt;</dialogReference></param></parameters><summary>&lt;DIV STYLE="text-align:Left;"&gt;&lt;DIV&gt;&lt;P&gt;&lt;SPAN&gt;After creating a new GNAT Riverscapes project with the &lt;/SPAN&gt;&lt;SPAN STYLE="font-weight:bold;"&gt;Create New GNAT Project&lt;/SPAN&gt;&lt;SPAN&gt; tool, the user should then &lt;/SPAN&gt;&lt;SPAN STYLE="font-weight:bold;"&gt;Load Input Datasets&lt;/SPAN&gt;&lt;SPAN&gt; with this tool.  The input stream network feature class and network topology tables will preferably have been generated by the tools in &lt;/SPAN&gt;&lt;SPAN STYLE="font-weight:bold;"&gt;Step 1 - Stream Network Preparation&lt;/SPAN&gt;&lt;SPAN&gt;. Each Riverscapes project is based on these datasets. &lt;/SPAN&gt;&lt;/P&gt;&lt;/DIV&gt;&lt;/DIV&gt;</summary></tool><mdHrLv><ScopeCd value="005"></ScopeCd></mdHrLv></metadata>
