<metadata xml:lang="en"><Esri><CreaDate>20160216</CreaDate><CreaTime>11074500</CreaTime><ArcGISFormat>1.0</ArcGISFormat><SyncOnce>TRUE</SyncOnce><ModDate>20180301</ModDate><ModTime>10024800</ModTime><scaleRange><minScale>150000000</minScale><maxScale>5000</maxScale></scaleRange><ArcGISProfile>ItemDescription</ArcGISProfile></Esri><dataIdInfo><idCitation><resTitle>Transfer Line Attributes</resTitle></idCitation><idAbs>&lt;DIV STYLE="text-align:Left;"&gt;&lt;DIV&gt;&lt;DIV&gt;&lt;P&gt;&lt;SPAN&gt;The &lt;/SPAN&gt;&lt;SPAN STYLE="font-weight:bold;"&gt;Transfer Line Attributes &lt;/SPAN&gt;&lt;SPAN&gt;tool copies attributes from one polyline feature class network to another using a segmented polygon approach (The segmented polygons are generated using Thiessen polygons in the &lt;/SPAN&gt;&lt;SPAN STYLE="font-weight:bold;"&gt;Divide Polygons by Segment &lt;/SPAN&gt;&lt;SPAN&gt;tool).  This tool relies on the ESRI's built-in &lt;/SPAN&gt;&lt;SPAN STYLE="font-weight:bold;"&gt;Transfer Attributes&lt;/SPAN&gt;&lt;SPAN&gt; tool.&lt;/SPAN&gt;&lt;/P&gt;&lt;/DIV&gt;&lt;/DIV&gt;&lt;/DIV&gt;</idAbs><searchKeys><keyword>GNAT</keyword><keyword>stream</keyword><keyword>geomorphic</keyword><keyword>attributes</keyword><keyword>transfer</keyword><keyword>network</keyword><keyword>line</keyword></searchKeys><idCredit>South Fork Research, Inc.
Kelly Whitehead
Jesse Langdon</idCredit></dataIdInfo><distInfo><distributor><distorFormat><formatName>ArcToolbox Tool</formatName></distorFormat></distributor></distInfo><tool name="TransferLineAttributesTool" displayname="Transfer Line Attributes" toolboxalias="GNAT" xmlns=""><parameters><param name="InputFCFromLine" displayname="Input &quot;From&quot; polyline feature class" type="Required" direction="Input" datatype="Feature Layer" expression="InputFCFromLine"><dialogReference>&lt;DIV STYLE="text-align:Left;"&gt;&lt;DIV&gt;&lt;DIV&gt;&lt;P&gt;&lt;SPAN&gt;The polyline feature class network with attributes to be transferred "from". This network is used to ‘resegment’ the “To” network.&lt;/SPAN&gt;&lt;/P&gt;&lt;/DIV&gt;&lt;/DIV&gt;&lt;/DIV&gt;</dialogReference></param><param name="InputFCToLine" displayname="Input &quot;To&quot; polyline feature class" type="Required" direction="Input" datatype="Feature Layer" expression="InputFCToLine"><dialogReference>&lt;DIV STYLE="text-align:Left;"&gt;&lt;DIV&gt;&lt;DIV&gt;&lt;P&gt;&lt;SPAN&gt;The polyline feature class network that will receive the attributes stored in the “From” network. This network will retain its segmentation and attributes, but will also be resegmented based on the geometry of the “From” line network. This allows both the new and original attributes to exist on the line network.&lt;/SPAN&gt;&lt;/P&gt;&lt;/DIV&gt;&lt;/DIV&gt;&lt;/DIV&gt;</dialogReference></param><param name="OutputFCLineNetwork" displayname="Output polyline feature class" type="Required" direction="Output" datatype="Feature Class" expression="OutputFCLineNetwork"><dialogReference>&lt;DIV STYLE="text-align:Left;"&gt;&lt;DIV&gt;&lt;DIV&gt;&lt;P&gt;&lt;SPAN&gt;Polyline feature class that will contain the output line network with transferred (and original) attributes.&lt;/SPAN&gt;&lt;/P&gt;&lt;/DIV&gt;&lt;/DIV&gt;&lt;/DIV&gt;</dialogReference></param><param name="SearchDistance" displayname="Search distance" type="Optional" direction="Input" datatype="Double" expression="{SearchDistance}"><dialogReference>&lt;DIV STYLE="text-align:Left;"&gt;&lt;DIV&gt;&lt;P&gt;&lt;SPAN&gt;The average distance used by the tool to transfer attributes between the "From" and "To" features.  This does not need to be an exact number, but should reflect the general distance between "From" and "To" features.  As an example, two linear networks that closely match each others geometry (e.g. two 1:24k resolution NHD flowline networks) would need a relatively small search distance, whereas two networks with very different geometries (e.g. a valley centerline and NHD flowline network) would need a larger search distance.&lt;/SPAN&gt;&lt;/P&gt;&lt;/DIV&gt;&lt;/DIV&gt;</dialogReference></param><param name="scratchWorkspace" displayname="Scratch workspace" type="Optional" direction="Input" datatype="Workspace" expression="{scratchWorkspace}"><dialogReference>&lt;DIV STYLE="text-align:Left;"&gt;&lt;DIV&gt;&lt;DIV&gt;&lt;P&gt;&lt;SPAN&gt;A workspace (folder or file geodatabase) that will store intermediate data files produced during the tools processing. If a workspace is not designated, the tool will use the "in_memory" workspace. The temporary data files will not be accessible, but the tool's processing speed will be slightly improved.&lt;/SPAN&gt;&lt;/P&gt;&lt;/DIV&gt;&lt;/DIV&gt;&lt;/DIV&gt;</dialogReference></param></parameters><summary>&lt;DIV STYLE="text-align:Left;"&gt;&lt;DIV&gt;&lt;DIV&gt;&lt;P&gt;&lt;SPAN&gt;The &lt;/SPAN&gt;&lt;SPAN STYLE="font-weight:bold;"&gt;Transfer Line Attributes &lt;/SPAN&gt;&lt;SPAN&gt;tool copies attributes from one polyline feature class network to another using a segmented polygon approach (The segmented polygons are generated using Thiessen polygons in the &lt;/SPAN&gt;&lt;SPAN STYLE="font-weight:bold;"&gt;Divide Polygons by Segment &lt;/SPAN&gt;&lt;SPAN&gt;tool).  This tool relies on the ESRI's built-in &lt;/SPAN&gt;&lt;SPAN STYLE="font-weight:bold;"&gt;Transfer Attributes&lt;/SPAN&gt;&lt;SPAN&gt; tool.&lt;/SPAN&gt;&lt;/P&gt;&lt;/DIV&gt;&lt;/DIV&gt;&lt;/DIV&gt;</summary><usage>&lt;DIV STYLE="text-align:Left;"&gt;&lt;DIV&gt;&lt;DIV&gt;&lt;P&gt;&lt;SPAN&gt;Both input datasets must have the same "Projected" coordinate system, and should have relatively similar geometries.&lt;/SPAN&gt;&lt;/P&gt;&lt;/DIV&gt;&lt;/DIV&gt;&lt;/DIV&gt;</usage><arcToolboxHelpPath>c:\program files (x86)\arcgis\desktop10.4\Help\gp</arcToolboxHelpPath></tool><mdHrLv><ScopeCd value="005"/></mdHrLv></metadata>
