<?xml version="1.0"?>
<metadata xml:lang="en"><Esri><CreaDate>20170622</CreaDate><CreaTime>11391400</CreaTime><ArcGISFormat>1.0</ArcGISFormat><SyncOnce>TRUE</SyncOnce><ModDate>20171019</ModDate><ModTime>211228</ModTime><scaleRange><minScale>150000000</minScale><maxScale>5000</maxScale></scaleRange><ArcGISProfile>ItemDescription</ArcGISProfile></Esri><dataIdInfo><idCitation><resTitle>Create a New GNAT Project</resTitle></idCitation><idAbs>&lt;DIV STYLE="text-align:Left;"&gt;&lt;DIV&gt;&lt;P&gt;&lt;SPAN&gt;Riverscapes is a collaboration between Utah State University, North Arrow Research, South Fork Research, Eco Logical Research, and the Piegay Lab in Lyon. This tool creates a new Riverscapes project XML file and directory structure, which will store information about the inputs and outputs associated with tool runs.&lt;/SPAN&gt;&lt;/P&gt;&lt;/DIV&gt;&lt;/DIV&gt;</idAbs><idCredit>Kelly Whitehead, Jesse Langdon, South Fork Research, Inc.</idCredit><searchKeys><keyword>Riverscapes</keyword><keyword>project</keyword></searchKeys></dataIdInfo><distInfo><distributor><distorFormat><formatName>ArcToolbox Tool</formatName></distorFormat></distributor></distInfo><tool name="NewGNATProject" displayname="Create a New GNAT Project" toolboxalias="GNAT" xmlns=""><parameters><param name="projectName" displayname="Project Name" type="Required" direction="Input" datatype="String" expression="projectName"><dialogReference>&lt;DIV STYLE="text-align:Left;"&gt;&lt;P&gt;&lt;SPAN&gt;Name of the Riverscape project.&lt;/SPAN&gt;&lt;/P&gt;&lt;/DIV&gt;</dialogReference></param><param name="projectFolder" displayname="Project Folder" type="Required" direction="Input" datatype="Workspace" expression="projectFolder"><dialogReference>&lt;DIV STYLE="text-align:Left;"&gt;&lt;DIV&gt;&lt;P&gt;&lt;SPAN&gt;A local folder or directory where the Riverscapes project XML file, and data inputs and outputs, will be stored.&lt;/SPAN&gt;&lt;/P&gt;&lt;/DIV&gt;&lt;/DIV&gt;</dialogReference></param><param name="boolNewFolder" displayname="Create New Project Folder?" type="Optional" direction="Input" datatype="Boolean" expression="{boolNewFolder}"><dialogReference>&lt;DIV STYLE="text-align:Left;"&gt;&lt;DIV&gt;&lt;P&gt;&lt;SPAN&gt;Indicates if this is a new project folder.&lt;/SPAN&gt;&lt;/P&gt;&lt;/DIV&gt;&lt;/DIV&gt;</dialogReference></param><param name="metaOperator" displayname="User Name (Operator)" type="Optional" direction="Input" datatype="String" expression="{metaOperator}"><dialogReference>&lt;DIV STYLE="text-align:Left;"&gt;&lt;DIV&gt;&lt;P&gt;&lt;SPAN&gt;Name of the user.&lt;/SPAN&gt;&lt;/P&gt;&lt;/DIV&gt;&lt;/DIV&gt;</dialogReference></param><param name="metaRegion" displayname="Region" type="Optional" direction="Input" datatype="String" expression="{CRB}"><dialogReference>&lt;DIV STYLE="text-align:Left;"&gt;&lt;DIV&gt;&lt;P&gt;&lt;SPAN&gt;Defaults to CRB, i.e. Columbia River Basin.&lt;/SPAN&gt;&lt;/P&gt;&lt;/DIV&gt;&lt;/DIV&gt;</dialogReference></param><param name="metaWatershed" displayname="Watershed (HUC 8 Name)" type="Optional" direction="Input" datatype="String" expression="{metaWatershed}"><dialogReference>&lt;DIV STYLE="text-align:Left;"&gt;&lt;DIV&gt;&lt;P&gt;&lt;SPAN&gt;Name of the drainage area encompassing the project.  Please select from the list of 10-digit hydrologic unit codes (HUC 5).&lt;/SPAN&gt;&lt;/P&gt;&lt;/DIV&gt;&lt;/DIV&gt;</dialogReference></param></parameters><summary>&lt;DIV STYLE="text-align:Left;"&gt;&lt;DIV&gt;&lt;P&gt;&lt;SPAN&gt;Riverscapes is a collaboration between Utah State University, North Arrow Research, South Fork Research, Eco Logical Research, and the Piegay Lab in Lyon. This tool creates a new Riverscapes project XML file and directory structure, which will store information about the inputs and outputs associated with tool runs.&lt;/SPAN&gt;&lt;/P&gt;&lt;/DIV&gt;&lt;/DIV&gt;</summary></tool><mdHrLv><ScopeCd value="005"></ScopeCd></mdHrLv></metadata>
