<?xml version="1.0"?>
<metadata xml:lang="en"><Esri><CreaDate>20161121</CreaDate><CreaTime>12342900</CreaTime><ArcGISFormat>1.0</ArcGISFormat><SyncOnce>TRUE</SyncOnce><ModDate>20170428</ModDate><ModTime>165913</ModTime><scaleRange><minScale>150000000</minScale><maxScale>5000</maxScale></scaleRange><ArcGISProfile>ItemDescription</ArcGISProfile></Esri><dataIdInfo><idCitation><resTitle>Find Network Features</resTitle></idCitation><idAbs>&lt;DIV STYLE="text-align:Left;"&gt;&lt;DIV&gt;&lt;DIV&gt;&lt;P&gt;&lt;SPAN&gt;The &lt;/SPAN&gt;&lt;SPAN STYLE="font-weight:bold;"&gt;Find Network Features &lt;/SPAN&gt;&lt;SPAN&gt;tool finds topological features and errors within a stream network. The stream network is assumed to be a single-part non-braided topological network. Currently the &lt;/SPAN&gt;&lt;SPAN STYLE="font-weight:bold;"&gt;Find Network Features &lt;/SPAN&gt;&lt;SPAN&gt;tool can find these topological features/errors:&lt;/SPAN&gt;&lt;/P&gt;&lt;UL&gt;&lt;LI&gt;&lt;P&gt;&lt;SPAN&gt;Braids&lt;/SPAN&gt;&lt;/P&gt;&lt;/LI&gt;&lt;LI&gt;&lt;P&gt;&lt;SPAN&gt;Duplicate reaches&lt;/SPAN&gt;&lt;/P&gt;&lt;/LI&gt;&lt;LI&gt;&lt;P&gt;&lt;SPAN&gt;Overlapping reaches&lt;/SPAN&gt;&lt;/P&gt;&lt;/LI&gt;&lt;LI&gt;&lt;P&gt;&lt;SPAN&gt;Crossed reaches&lt;/SPAN&gt;&lt;/P&gt;&lt;/LI&gt;&lt;LI&gt;&lt;P&gt;&lt;SPAN&gt;Disconnected reaches&lt;/SPAN&gt;&lt;/P&gt;&lt;/LI&gt;&lt;LI&gt;&lt;P&gt;&lt;SPAN&gt;Upstream flow direction&lt;/SPAN&gt;&lt;/P&gt;&lt;/LI&gt;&lt;LI&gt;&lt;P&gt;&lt;SPAN&gt;Other potential errors&lt;/SPAN&gt;&lt;/P&gt;&lt;/LI&gt;&lt;/UL&gt;&lt;P&gt;&lt;SPAN&gt;The &lt;/SPAN&gt;&lt;SPAN STYLE="font-weight:bold;"&gt;Find Network Features &lt;/SPAN&gt;&lt;SPAN&gt;tool relies on two inputs: a stream network polyline feature class, and the network topology table generated by the &lt;/SPAN&gt;&lt;A href="https://github.com/SouthForkResearch/gnat/wiki/Build-Network-Topology-Table" target="_blank"&gt;&lt;SPAN&gt;Build Network Topology Table &lt;/SPAN&gt;&lt;/A&gt;&lt;SPAN&gt;from the stream network feature class, which should be named StreamNetwork. More detailed documentation of the &lt;/SPAN&gt;&lt;SPAN STYLE="font-weight:bold;"&gt;Find Network Features &lt;/SPAN&gt;&lt;SPAN&gt;tool is available &lt;/SPAN&gt;&lt;A href="https://github.com/SouthForkResearch/gnat/wiki/Find-Network-Features" target="_blank"&gt;&lt;SPAN&gt;here&lt;/SPAN&gt;&lt;/A&gt;&lt;SPAN&gt;.&lt;/SPAN&gt;&lt;/P&gt;&lt;/DIV&gt;&lt;/DIV&gt;&lt;/DIV&gt;</idAbs><searchKeys><keyword>topology</keyword><keyword>stream</keyword><keyword>network</keyword><keyword>errors</keyword></searchKeys></dataIdInfo><distInfo><distributor><distorFormat><formatName>ArcToolbox Tool</formatName></distorFormat></distributor></distInfo><tool name="FindNetworkFeaturesTool" displayname="Find Network Features" toolboxalias="GNAT" xmlns=""><parameters><param name="InputStreamNetwork" displayname="Processed Input Stream Network" type="Required" direction="Input" datatype="Feature Layer" expression="InputStreamNetwork"><dialogReference>&lt;DIV STYLE="text-align:Left;"&gt;&lt;DIV&gt;&lt;DIV&gt;&lt;P&gt;&lt;SPAN&gt;Stream network polyline features that have been generated by the &lt;/SPAN&gt;&lt;SPAN STYLE="font-weight:bold;"&gt;Build Network Topology Table &lt;/SPAN&gt;&lt;SPAN&gt;tool. The feature class name should have a file name with "_runXX" as a suffix, and include these attribute fields:&lt;/SPAN&gt;&lt;/P&gt;&lt;UL&gt;&lt;LI&gt;&lt;P&gt;&lt;SPAN&gt;IsHeadwater&lt;/SPAN&gt;&lt;/P&gt;&lt;/LI&gt;&lt;LI&gt;&lt;P&gt;&lt;SPAN&gt;ReachID&lt;/SPAN&gt;&lt;/P&gt;&lt;/LI&gt;&lt;LI&gt;&lt;P&gt;&lt;SPAN&gt;IsBraided&lt;/SPAN&gt;&lt;/P&gt;&lt;/LI&gt;&lt;/UL&gt;&lt;/DIV&gt;&lt;/DIV&gt;&lt;/DIV&gt;</dialogReference></param><param name="StreamNetworkTable" displayname="Stream Network Table" type="Required" direction="Input" datatype="Table View" expression="StreamNetworkTable"><dialogReference>&lt;DIV STYLE="text-align:Left;"&gt;&lt;DIV&gt;&lt;DIV&gt;&lt;P&gt;&lt;SPAN&gt;Stream network topology table, as either a DBF file or a geodatabase table. This table is generated by the &lt;/SPAN&gt;&lt;SPAN STYLE="font-weight:bold;"&gt;Build Network Topology Table &lt;/SPAN&gt;&lt;SPAN&gt;tool. The table should be named &lt;/SPAN&gt;&lt;SPAN STYLE="font-style:italic;"&gt;StreamNetwork&lt;/SPAN&gt;&lt;SPAN&gt;, and include the following attribute fields:&lt;/SPAN&gt;&lt;/P&gt;&lt;UL&gt;&lt;LI&gt;&lt;P&gt;&lt;SPAN&gt;ReachID&lt;/SPAN&gt;&lt;/P&gt;&lt;/LI&gt;&lt;LI&gt;&lt;P&gt;&lt;SPAN&gt;UpstreamID&lt;/SPAN&gt;&lt;/P&gt;&lt;/LI&gt;&lt;LI&gt;&lt;P&gt;&lt;SPAN&gt;TO_NODE&lt;/SPAN&gt;&lt;/P&gt;&lt;/LI&gt;&lt;LI&gt;&lt;P&gt;&lt;SPAN&gt;FROM_NODE&lt;/SPAN&gt;&lt;/P&gt;&lt;/LI&gt;&lt;/UL&gt;&lt;/DIV&gt;&lt;/DIV&gt;&lt;/DIV&gt;</dialogReference></param><param name="DownstreamReach" displayname="Downstream Reach Object ID" type="Required" direction="Input" datatype="Long" expression="DownstreamReach"><dialogReference>&lt;DIV STYLE="text-align:Left;"&gt;&lt;DIV&gt;&lt;DIV&gt;&lt;P&gt;&lt;SPAN&gt;Object ID of the downstream (i.e. outflow) reach in the input stream network polyline feature class. This value is also the first record in the output network topology table &lt;/SPAN&gt;&lt;SPAN STYLE="font-style:italic;"&gt;StreamNetwork&lt;/SPAN&gt;&lt;SPAN&gt;.&lt;/SPAN&gt;&lt;/P&gt;&lt;/DIV&gt;&lt;/DIV&gt;&lt;/DIV&gt;</dialogReference></param></parameters><summary>&lt;DIV STYLE="text-align:Left;"&gt;&lt;DIV&gt;&lt;DIV&gt;&lt;P&gt;&lt;SPAN&gt;The &lt;/SPAN&gt;&lt;SPAN STYLE="font-weight:bold;"&gt;Find Network Features &lt;/SPAN&gt;&lt;SPAN&gt;tool finds topological features and errors within a stream network. The stream network is assumed to be a single-part non-braided topological network. Currently the &lt;/SPAN&gt;&lt;SPAN STYLE="font-weight:bold;"&gt;Find Network Features &lt;/SPAN&gt;&lt;SPAN&gt;tool can find these topological features/errors:&lt;/SPAN&gt;&lt;/P&gt;&lt;UL&gt;&lt;LI&gt;&lt;P&gt;&lt;SPAN&gt;Braids&lt;/SPAN&gt;&lt;/P&gt;&lt;/LI&gt;&lt;LI&gt;&lt;P&gt;&lt;SPAN&gt;Duplicate reaches&lt;/SPAN&gt;&lt;/P&gt;&lt;/LI&gt;&lt;LI&gt;&lt;P&gt;&lt;SPAN&gt;Overlapping reaches&lt;/SPAN&gt;&lt;/P&gt;&lt;/LI&gt;&lt;LI&gt;&lt;P&gt;&lt;SPAN&gt;Crossed reaches&lt;/SPAN&gt;&lt;/P&gt;&lt;/LI&gt;&lt;LI&gt;&lt;P&gt;&lt;SPAN&gt;Disconnected reaches&lt;/SPAN&gt;&lt;/P&gt;&lt;/LI&gt;&lt;LI&gt;&lt;P&gt;&lt;SPAN&gt;Upstream flow direction&lt;/SPAN&gt;&lt;/P&gt;&lt;/LI&gt;&lt;LI&gt;&lt;P&gt;&lt;SPAN&gt;Other potential errors&lt;/SPAN&gt;&lt;/P&gt;&lt;/LI&gt;&lt;/UL&gt;&lt;P&gt;&lt;SPAN&gt;The &lt;/SPAN&gt;&lt;SPAN STYLE="font-weight:bold;"&gt;Find Network Features &lt;/SPAN&gt;&lt;SPAN&gt;tool relies on two inputs: a stream network polyline feature class, and the network topology table generated by the &lt;/SPAN&gt;&lt;A href="https://github.com/SouthForkResearch/gnat/wiki/Build-Network-Topology-Table" target="_blank"&gt;&lt;SPAN&gt;Build Network Topology Table &lt;/SPAN&gt;&lt;/A&gt;&lt;SPAN&gt;from the stream network feature class, which should be named StreamNetwork. More detailed documentation of the &lt;/SPAN&gt;&lt;SPAN STYLE="font-weight:bold;"&gt;Find Network Features &lt;/SPAN&gt;&lt;SPAN&gt;tool is available &lt;/SPAN&gt;&lt;A href="https://github.com/SouthForkResearch/gnat/wiki/Find-Network-Features" target="_blank"&gt;&lt;SPAN&gt;here&lt;/SPAN&gt;&lt;/A&gt;&lt;SPAN&gt;.&lt;/SPAN&gt;&lt;/P&gt;&lt;/DIV&gt;&lt;/DIV&gt;&lt;/DIV&gt;</summary></tool><mdHrLv><ScopeCd value="005"/></mdHrLv></metadata>
