<?xml version="1.0" encoding="UTF-8"?>
<metadata xml:lang="en"><Esri><CreaDate>20170721</CreaDate><CreaTime>08072700</CreaTime><ArcGISFormat>1.0</ArcGISFormat><SyncOnce>TRUE</SyncOnce><ModDate>20170915</ModDate><ModTime>130829</ModTime></Esri><dataIdInfo><idCitation><resTitle>Calculate Threadedness</resTitle></idCitation></dataIdInfo><distInfo><distributor><distorFormat><formatName>ArcToolbox Tool</formatName></distorFormat></distributor></distInfo><tool name="CalculateThreadednessTool" displayname="Calculate Threadedness" toolboxalias="GNAT"><parameters><param name="InputSegmentNetwork" displayname="Input segmented stream network feature class" type="Required" direction="Input" datatype="Shapefile" expression="InputSegmentNetwork"/><param name="InputFullNetwork" displayname="Input multi-threaded stream network feature class" type="Required" direction="Input" datatype="Shapefile" expression="InputFullNetwork"/><param name="OutputNodes" displayname="Output node feature class" type="Required" direction="Output" datatype="Shapefile" expression="OutputNodes"/><param name="scratchWorkspace" displayname="Scratch workspace" type="Required" direction="Input" datatype="Workspace" expression="scratchWorkspace"/><param name="projectXML" displayname="GNAT Project XML" type="Optional" direction="Input" datatype="File" expression="{projectXML}"/><param name="realization" displayname="Realization Name" type="Optional" direction="Input" datatype="String" expression="{realization}"/><param name="analysisName" displayname="Segmentation Name" type="Optional" direction="Input" datatype="String" expression="{analysisName}"/></parameters></tool></metadata>
