<?xml version="1.0" encoding="UTF-8"?>
<metadata xml:lang="en"><Esri><CreaDate>20170712</CreaDate><CreaTime>14075700</CreaTime><ArcGISFormat>1.0</ArcGISFormat><SyncOnce>TRUE</SyncOnce><ModDate>20170915</ModDate><ModTime>130829</ModTime></Esri><dataIdInfo><idCitation><resTitle>Calculate Gradient</resTitle></idCitation></dataIdInfo><distInfo><distributor><distorFormat><formatName>ArcToolbox Tool</formatName></distorFormat></distributor></distInfo><tool name="CalculateGradientTool" displayname="Calculate Gradient" toolboxalias="GNAT"><parameters><param name="InputFCStreamNetwork" displayname="Input Stream Network" type="Required" direction="Input" datatype="Feature Class" expression="InputFCStreamNetwork"/><param name="InputDEM" displayname="Elevation (DEM) Raster Dataset" type="Required" direction="Input" datatype="Raster Dataset" expression="InputDEM"/><param name="projectXML" displayname="GNAT Project XML" type="Optional" direction="Input" datatype="File" expression="{projectXML}"/><param name="realization" displayname="Realization Name" type="Optional" direction="Input" datatype="String" expression="{realization}"/><param name="analysisName" displayname="Segmentation Name" type="Optional" direction="Input" datatype="String" expression="{analysisName}"/></parameters></tool></metadata>
