<?xml version="1.0"?>
<metadata xml:lang="en"><Esri><CreaDate>20160216</CreaDate><CreaTime>11074400</CreaTime><ArcGISFormat>1.0</ArcGISFormat><SyncOnce>TRUE</SyncOnce><ModDate>20171121</ModDate><ModTime>103204</ModTime><scaleRange><minScale>150000000</minScale><maxScale>5000</maxScale></scaleRange><ArcGISProfile>ItemDescription</ArcGISProfile></Esri><dataIdInfo><idCitation><resTitle>Channel Sinuosity</resTitle></idCitation><idAbs>&lt;DIV STYLE="text-align:Left;"&gt;&lt;DIV&gt;&lt;DIV&gt;&lt;P&gt;&lt;SPAN&gt;The &lt;/SPAN&gt;&lt;SPAN STYLE="font-weight:bold;"&gt;Sinousity by Stream Segment &lt;/SPAN&gt;&lt;SPAN&gt;tool calculates sinuosity for each line segment feature in a polyline feature layer.  Can use shapefiles or geodatabase feature classes.&lt;/SPAN&gt;&lt;/P&gt;&lt;/DIV&gt;&lt;/DIV&gt;&lt;/DIV&gt;</idAbs><searchKeys><keyword>GNAT</keyword><keyword>stream</keyword><keyword>sinousity</keyword><keyword>geomorphic</keyword></searchKeys><idCredit>Kelly Whitehead, Jesse Langdon, South Fork Research, Inc.</idCredit></dataIdInfo><distInfo><distributor><distorFormat><formatName>ArcToolbox Tool</formatName></distorFormat></distributor></distInfo><tool name="SinuosityTool" displayname="Channel Sinuosity" toolboxalias="GNAT" xmlns=""><parameters><param name="InputFCCenterline" displayname="Input segmented stream network polyline feature class" type="Required" direction="Input" datatype="Feature Layer" expression="InputFCCenterline"><dialogReference>&lt;DIV STYLE="text-align:Left;"&gt;&lt;DIV&gt;&lt;DIV&gt;&lt;P&gt;&lt;SPAN&gt;Segmented stream network, line network, or centerline for calculating sinuosity. Sinuosity is calculated for each line feature.&lt;/SPAN&gt;&lt;/P&gt;&lt;/DIV&gt;&lt;/DIV&gt;&lt;/DIV&gt;</dialogReference></param><param name="RiverscapesBool" displayname="Is this a Riverscapes Project?" type="Optional" direction="Input" datatype="Boolean" expression="{RiverscapesBool}"/><param name="projectXML" displayname="GNAT Project XML" type="Optional" direction="Input" datatype="File" expression="{projectXML}"/><param name="realization" displayname="Realization Name" type="Optional" direction="Input" datatype="String" expression="{realization}"/><param name="analysisName" displayname="Segmentation Name" type="Optional" direction="Input" datatype="String" expression="{analysisName}"/><param name="attributeAnalysisName" displayname="Attribute Analysis Name" type="Optional" direction="Input" datatype="String" expression="{attributeAnalysisName}"/></parameters><summary>&lt;DIV STYLE="text-align:Left;"&gt;&lt;DIV&gt;&lt;DIV&gt;&lt;P&gt;&lt;SPAN&gt;The &lt;/SPAN&gt;&lt;SPAN STYLE="font-weight:bold;"&gt;Sinousity by Stream Segment &lt;/SPAN&gt;&lt;SPAN&gt;tool calculates sinuosity for each line segment feature in a polyline feature layer.  Can use shapefiles or geodatabase feature classes.&lt;/SPAN&gt;&lt;/P&gt;&lt;/DIV&gt;&lt;/DIV&gt;&lt;/DIV&gt;</summary></tool><mdHrLv><ScopeCd value="005"/></mdHrLv></metadata>
