<?xml version="1.0"?>
<metadata xml:lang="en"><Esri><CreaDate>20160216</CreaDate><CreaTime>11074400</CreaTime><ArcGISFormat>1.0</ArcGISFormat><SyncOnce>TRUE</SyncOnce><ModDate>20170713</ModDate><ModTime>070250</ModTime><scaleRange><minScale>150000000</minScale><maxScale>5000</maxScale></scaleRange><ArcGISProfile>ItemDescription</ArcGISProfile></Esri><dataIdInfo><idCitation><resTitle>Stream Sinuosity and Planform</resTitle></idCitation><idAbs>&lt;DIV STYLE="text-align:Left;"&gt;&lt;DIV&gt;&lt;DIV&gt;&lt;P&gt;&lt;SPAN&gt;The &lt;/SPAN&gt;&lt;SPAN STYLE="font-weight:bold;"&gt;Stream Sinuosity and Planform &lt;/SPAN&gt;&lt;SPAN&gt;tool calculates sinuosity (per segment) for valley centerline and flowline networks. The tool also transfers the valley sinuosity to the stream network and calculates river planform attribute.&lt;/SPAN&gt;&lt;/P&gt;&lt;/DIV&gt;&lt;/DIV&gt;&lt;/DIV&gt;</idAbs><idCredit>South Fork Research, Inc. Kelly Whitehead, Jesse Langdon</idCredit><searchKeys><keyword>GNAT Sinuosity Planform</keyword></searchKeys></dataIdInfo><distInfo><distributor><distorFormat><formatName>ArcToolbox Tool</formatName></distorFormat></distributor></distInfo><tool name="PlanformTool" displayname="Stream Sinuosity and Planform" toolboxalias="GNAT" xmlns=""><parameters><param name="InputFCStreamNetwork" displayname="Input Segmented Stream Network" type="Required" direction="Input" datatype="Feature Layer" expression="InputFCStreamNetwork"><dialogReference>&lt;DIV STYLE="text-align:Left;"&gt;&lt;DIV&gt;&lt;DIV&gt;&lt;P&gt;&lt;SPAN&gt;Segmented stream network features (i.e. flowline, centerline, etc). Stream sinuosity will be calculated for each segment.&lt;/SPAN&gt;&lt;/P&gt;&lt;/DIV&gt;&lt;/DIV&gt;&lt;/DIV&gt;</dialogReference></param><param name="InputFCValleyCenterline" displayname="Input Segmented Valley Centerline" type="Required" direction="Input" datatype="Feature Layer" expression="InputFCValleyCenterline"><dialogReference>&lt;DIV STYLE="text-align:Left;"&gt;&lt;DIV&gt;&lt;DIV&gt;&lt;P&gt;&lt;SPAN&gt;Segmented valley bottom centerline features. Valley sinuosity will be calculated for each segment.&lt;/SPAN&gt;&lt;/P&gt;&lt;/DIV&gt;&lt;/DIV&gt;&lt;/DIV&gt;</dialogReference></param><param name="InputFCValleyPolygon" displayname="Input Valley Bottom Polygon" type="Required" direction="Input" datatype="Feature Layer" expression="InputFCValleyPolygon"><dialogReference>&lt;DIV STYLE="text-align:Left;"&gt;&lt;DIV&gt;&lt;DIV&gt;&lt;P&gt;&lt;SPAN&gt;The valley bottom polygon of the stream network. Required input for the &lt;/SPAN&gt;&lt;SPAN STYLE="font-weight:bold;"&gt;Transfer Line Attribute &lt;/SPAN&gt;&lt;SPAN&gt;tool. &lt;/SPAN&gt;&lt;/P&gt;&lt;P&gt;&lt;SPAN STYLE="font-style:italic;"&gt;Note: This required input will be depreciated in a future version of this tool.&lt;/SPAN&gt;&lt;/P&gt;&lt;/DIV&gt;&lt;/DIV&gt;&lt;/DIV&gt;</dialogReference></param><param name="OutputFCCenterline" displayname="Output Stream Network with Sinuosity Attribute" type="Required" direction="Output" datatype="Feature Class" expression="OutputFCCenterline"><dialogReference>&lt;DIV STYLE="text-align:Left;"&gt;&lt;DIV&gt;&lt;DIV&gt;&lt;P&gt;&lt;SPAN&gt;Output polyline feature class for saving the segmented stream network with calculated sinuosity.&lt;/SPAN&gt;&lt;/P&gt;&lt;/DIV&gt;&lt;/DIV&gt;&lt;/DIV&gt;</dialogReference></param><param name="OutputFCValleyCenterline" displayname="Output Valley Centerline with Sinuosity Attribute" type="Required" direction="Output" datatype="Feature Class" expression="OutputFCValleyCenterline"><dialogReference>&lt;DIV STYLE="text-align:Left;"&gt;&lt;DIV&gt;&lt;DIV&gt;&lt;P&gt;&lt;SPAN&gt;Output polyline feature class for storing the valley bottom centerline with calculated sinuosity.&lt;/SPAN&gt;&lt;/P&gt;&lt;/DIV&gt;&lt;/DIV&gt;&lt;/DIV&gt;</dialogReference></param><param name="OutputFCPlanformCenterline" displayname="Output Stream Network with Planform Attribute" type="Required" direction="Output" datatype="Feature Class" expression="OutputFCPlanformCenterline"><dialogReference>&lt;DIV STYLE="text-align:Left;"&gt;&lt;DIV&gt;&lt;DIV&gt;&lt;P&gt;&lt;SPAN&gt;Output polyline feature class for storing the stream centerline with calculated planform attribute.&lt;/SPAN&gt;&lt;/P&gt;&lt;/DIV&gt;&lt;/DIV&gt;&lt;/DIV&gt;</dialogReference></param><param name="scratchWorkspace" displayname="Scratch Workspace" type="Optional" direction="Input" datatype="Workspace" expression="{scratchWorkspace}"><dialogReference>&lt;DIV STYLE="text-align:Left;"&gt;&lt;DIV&gt;&lt;P&gt;&lt;SPAN&gt;Workspace that will store intermediate data files.&lt;/SPAN&gt;&lt;/P&gt;&lt;/DIV&gt;&lt;/DIV&gt;</dialogReference></param></parameters><summary>&lt;DIV STYLE="text-align:Left;"&gt;&lt;DIV&gt;&lt;DIV&gt;&lt;P&gt;&lt;SPAN&gt;The &lt;/SPAN&gt;&lt;SPAN STYLE="font-weight:bold;"&gt;Stream Sinuosity and Planform &lt;/SPAN&gt;&lt;SPAN&gt;tool calculates sinuosity (per segment) for valley centerline and flowline networks. The tool also transfers the valley sinuosity to the stream network and calculates river planform attribute.&lt;/SPAN&gt;&lt;/P&gt;&lt;/DIV&gt;&lt;/DIV&gt;&lt;/DIV&gt;</summary><usage>&lt;DIV STYLE="text-align:Left;"&gt;&lt;DIV&gt;&lt;DIV&gt;&lt;P&gt;&lt;SPAN&gt;The &lt;/SPAN&gt;&lt;SPAN STYLE="font-weight:bold;"&gt;Stream Sinuosity and Planform &lt;/SPAN&gt;&lt;SPAN&gt;tool uses the following calculation method:&lt;/SPAN&gt;&lt;/P&gt;&lt;P&gt;&lt;SPAN&gt;1. Use &lt;/SPAN&gt;&lt;SPAN STYLE="font-weight:bold;"&gt;Sinuosity By Stream Segment &lt;/SPAN&gt;&lt;SPAN&gt;tool for stream and valley centerlines&lt;/SPAN&gt;&lt;/P&gt;&lt;P&gt;&lt;SPAN&gt;1. Convert segment ends to points&lt;/SPAN&gt;&lt;/P&gt;&lt;P&gt;&lt;SPAN&gt;2. Convert points to line to find straight line distance&lt;/SPAN&gt;&lt;/P&gt;&lt;P&gt;&lt;SPAN&gt;3. Calculate sinuosity (straight distance / segment distance)&lt;/SPAN&gt;&lt;/P&gt;&lt;P&gt;&lt;SPAN&gt;2. Transfer valley bottom sinuosity to stream centerline using &lt;/SPAN&gt;&lt;SPAN STYLE="font-weight:bold;"&gt;Transfer Line Attribute &lt;/SPAN&gt;&lt;SPAN&gt;tool&lt;/SPAN&gt;&lt;/P&gt;&lt;P&gt;&lt;SPAN&gt;3. Calculate planform metric for each divided segment&lt;/SPAN&gt;&lt;/P&gt;&lt;/DIV&gt;&lt;/DIV&gt;&lt;/DIV&gt;</usage></tool><mdHrLv><ScopeCd value="005"/></mdHrLv></metadata>
