<?xml version="1.0" encoding="UTF-8"?>
<metadata xml:lang="en"><Esri><CreaDate>20170622</CreaDate><CreaTime>11391400</CreaTime><ArcGISFormat>1.0</ArcGISFormat><SyncOnce>TRUE</SyncOnce><ModDate>20170713</ModDate><ModTime>070251</ModTime></Esri><dataIdInfo><idCitation><resTitle>Create a New GNAT Project</resTitle></idCitation></dataIdInfo><distInfo><distributor><distorFormat><formatName>ArcToolbox Tool</formatName></distorFormat></distributor></distInfo><tool name="NewGNATProject" displayname="Create a New GNAT Project" toolboxalias="GNAT"><parameters><param name="projectName" displayname="Project Name" type="Required" direction="Input" datatype="String" expression="projectName"/><param name="projectFolder" displayname="Project Folder" type="Required" direction="Input" datatype="Workspace" expression="projectFolder"/><param name="boolNewFolder" displayname="Create New Project Folder?" type="Optional" direction="Input" datatype="Boolean" expression="{boolNewFolder}"/><param name="metaOperator" displayname="User Name (Operator)" type="Optional" direction="Input" datatype="String" expression="{metaOperator}"/><param name="metaRegion" displayname="Region" type="Optional" direction="Input" datatype="String" expression="{CRB}"/><param name="metaWatershed" displayname="Watershed (HUC 8 Name)" type="Optional" direction="Input" datatype="String" expression="{metaWatershed}"/></parameters></tool></metadata>
