<?xml version="1.0" encoding="UTF-8"?>
<metadata xml:lang="en"><Esri><CreaDate>20150819</CreaDate><CreaTime>14275500</CreaTime><ArcGISFormat>1.0</ArcGISFormat><SyncOnce>TRUE</SyncOnce><ModDate>20170213</ModDate><ModTime>134128</ModTime><scaleRange><minScale>150000000</minScale><maxScale>5000</maxScale></scaleRange><ArcGISProfile>ItemDescription</ArcGISProfile></Esri><dataIdInfo><idCitation><resTitle>Find Network Outside Polygon</resTitle></idCitation><idAbs>&lt;DIV STYLE="text-align:Left;"&gt;&lt;P&gt;&lt;SPAN&gt;This tool finds stream network segments which fall outside of then Valley Bottom polygon.  You can then edit the valley bottom to correct this.&lt;/SPAN&gt;&lt;/P&gt;&lt;/DIV&gt;</idAbs><searchKeys><keyword>GNAT</keyword></searchKeys></dataIdInfo><distInfo><distributor><distorFormat><formatName>ArcToolbox Tool</formatName></distorFormat></distributor></distInfo><tool name="OutsideValleyBottomTool" displayname="Find Network Outside Polygon" toolboxalias="GNAT" xmlns=""><parameters><param name="InputStreamNetwork" displayname="Input Stream Network" type="Required" direction="Input" datatype="Feature Layer" expression="InputStreamNetwork"><dialogReference>&lt;DIV STYLE="text-align:Left;"&gt;&lt;DIV&gt;&lt;P&gt;&lt;SPAN&gt;The feature class you are cleaning.  This should be a projected stream network.&lt;/SPAN&gt;&lt;/P&gt;&lt;/DIV&gt;&lt;/DIV&gt;</dialogReference></param><param name="InputVBPolygon" displayname="Input Valley Bottom Polygon" type="Required" direction="Input" datatype="Feature Layer" expression="InputVBPolygon"><dialogReference>&lt;DIV STYLE="text-align:Left;"&gt;&lt;DIV&gt;&lt;P&gt;&lt;SPAN&gt;The valley bottom polygon you have created and are editing.&lt;/SPAN&gt;&lt;/P&gt;&lt;/DIV&gt;&lt;/DIV&gt;</dialogReference></param><param name="Output Workspace" displayname="Output Workspace" type="Required" direction="Input" datatype="Workspace" expression="Output Workspace"><dialogReference>&lt;DIV STYLE="text-align:Left;"&gt;&lt;DIV&gt;&lt;P&gt;&lt;SPAN&gt;The folder or geodatabase where you want the Output File to be created.&lt;/SPAN&gt;&lt;/P&gt;&lt;/DIV&gt;&lt;/DIV&gt;</dialogReference></param><param name="ScratchWorkspace" displayname="Scratch Workspace" type="Required" direction="Input" datatype="Workspace" expression="ScratchWorkspace"><dialogReference>&lt;DIV STYLE="text-align:Left;"&gt;&lt;DIV&gt;&lt;P&gt;&lt;SPAN&gt;The folder or geodatabase where you want the working files to be created.&lt;/SPAN&gt;&lt;/P&gt;&lt;/DIV&gt;&lt;/DIV&gt;</dialogReference></param><param name="strOutputWorkspace" displayname="Output Workspace" type="Required" direction="Input" datatype="Workspace" expression="strOutputWorkspace"><dialogReference>&lt;DIV STYLE="text-align:Left;"&gt;&lt;DIV&gt;&lt;P&gt;&lt;SPAN&gt;The folder or geodatabase where you want the working files to be created.&lt;/SPAN&gt;&lt;/P&gt;&lt;/DIV&gt;&lt;/DIV&gt;</dialogReference></param><param name="OutputStreamNetwork" displayname="Output Stream Network" type="Required" direction="Input" datatype="Multiple Value" expression="OutputStreamNetwork;OutputStreamNetwork..."><dialogReference>&lt;DIV STYLE="text-align:Left;"&gt;&lt;DIV&gt;&lt;P&gt;&lt;SPAN&gt;The features which fall outside of the Valley Bottom polygon. &lt;/SPAN&gt;&lt;/P&gt;&lt;P&gt;&lt;SPAN&gt;This dataset contains a field called "InVB" which contains either a "Yes" or a blank.  Segments with blanks fall outside of the Valley Bottom and are selected in a final output file. Use these features to find areas which need to be edited in the Valley Bottom polygon.&lt;/SPAN&gt;&lt;/P&gt;&lt;/DIV&gt;&lt;/DIV&gt;</dialogReference></param></parameters><summary>&lt;DIV STYLE="text-align:Left;"&gt;&lt;P&gt;&lt;SPAN&gt;This tool finds stream network segments which fall outside of then Valley Bottom polygon.  You can then edit the valley bottom to correct this.&lt;/SPAN&gt;&lt;/P&gt;&lt;/DIV&gt;</summary></tool><mdHrLv><ScopeCd value="005"></ScopeCd></mdHrLv></metadata>
