<?xml version="1.0" encoding="UTF-8"?>
<metadata xml:lang="en"><Esri><CreaDate>20170622</CreaDate><CreaTime>11391400</CreaTime><ArcGISFormat>1.0</ArcGISFormat><SyncOnce>TRUE</SyncOnce><ModDate>20170713</ModDate><ModTime>070251</ModTime></Esri><dataIdInfo><idCitation><resTitle>Load Input Datsets</resTitle></idCitation></dataIdInfo><distInfo><distributor><distorFormat><formatName>ArcToolbox Tool</formatName></distorFormat></distributor></distInfo><tool name="LoadNetworkToProject" displayname="Load Input Datsets" toolboxalias="GNAT"><parameters><param name="projectXML" displayname="GNAT Project XML" type="Optional" direction="Input" datatype="File" expression="{projectXML}"/><param name="InputFCStreamNetwork" displayname="Input Stream Network" type="Required" direction="Input" datatype="Feature Class" expression="InputFCStreamNetwork"/><param name="tblNetwork" displayname="Network Table" type="Optional" direction="Input" datatype="Table" expression="{tblNetwork}"/></parameters></tool></metadata>
